{
  "name": "pkdg-xp-crossbows",
  "title": "P.K.Day Games Expansion Pack - Crossbows",
  "description": "A P. K. Day Games Pathfinder 2e Expansion Pack for brand new crossbows and related equipment and archetypes to add to your campaigns!.",
  "author": "P.K. Day",
  "version": "0.0.1",
  "minimumCoreVersion": "0.8.6",
  "compatibleCoreVersion": "9",

  "url": "https://github.com/PKDayGames/PKDG_PF2e_XP_Crossbows",
  "manifest": "https://raw.githubusercontent.com/PKDayGames/PKDG_PF2e_XP_Crossbows/main/module.json",
  "download": "https://github.com/PKDayGames/PKDG_PF2e_XP_Crossbows/blob/main/pkdg-xp-crossbows.zip?raw=true",

  "packs": [
    {
      "name": "scenes",
      "label": "XP Crossbows Scenes",
      "path": "packs/scenes.db",
      "entity": "Scene",
      "type": "Scene",
      "module": "pkdg-xp-crossbows"
    },
    {
      "name": "actors",
      "label": "XP Crossbows Actors",
      "path": "packs/actors.db",
      "entity": "Actor",
      "type": "Actor",
      "module": "pkdg-xp-crossbows"
    },
    {
      "name": "items",
      "label": "XP Crossbows Items",
      "path": "packs/items.db",
      "entity": "Item",
      "type": "Item",
      "module": "pkdg-xp-crossbows"
    },
    {
      "name": "dwarven-shootist",
      "label": "XP Crossbows Dwarven Shootist",
      "path": "packs/dwarven-shootist.db",
      "entity": "Item",
      "type": "Item",
      "module": "pkdg-xp-crossbows"
    },
    {
      "name": "journalentries",
      "label": "XP Crossbows Journal Entries",
      "path": "packs/journalentries.db",
      "entity": "JournalEntry",
      "type": "JournalEntry",
      "module": "pkdg-xp-crossbows"
    }
  ]
}